<?xml version="1.0" encoding="UTF-8" ?>
<XMLDB PATH="mod/quiz/accessrule/plugin_dora/db" VERSION="2024090300" COMMENT="XMLDB file for quizaccess_plugin_dora plugin"
xmlns:xsi="http://www.w3.org/2001/XMLSchema-instance">
    <TABLES>
        <TABLE NAME="quizaccess_monitoring_settings" COMMENT="Configuraciones adicionales del plugin">
            <FIELDS>
                <FIELD NAME="id" TYPE="int" LENGTH="10" NOTNULL="true" SEQUENCE="true"/>
                <FIELD NAME="quizid" TYPE="int" LENGTH="10" NOTNULL="true" SEQUENCE="false" COMMENT="Foreign key to quiz.id."/>
                <FIELD NAME="plugin_dora_enable" TYPE="int" LENGTH="2" NOTNULL="true" DEFAULT="0" SEQUENCE="false" COMMENT="Boolean, if true, use the plugin_dora mode."/>
                <FIELD NAME="restriction_fullscreen" TYPE="int" LENGTH="2" NOTNULL="true" DEFAULT="0" SEQUENCE="false" COMMENT=""/>
                <FIELD NAME="restriction_print" TYPE="int" LENGTH="2" NOTNULL="true" DEFAULT="0" SEQUENCE="false" COMMENT=""/>
                <FIELD NAME="restriction_paste" TYPE="int" LENGTH="2" NOTNULL="true" DEFAULT="0" SEQUENCE="false" COMMENT=""/>
                <FIELD NAME="restriction_rightclick" TYPE="int" LENGTH="2" NOTNULL="true" DEFAULT="0" SEQUENCE="false" COMMENT=""/>
                <FIELD NAME="restriction_copy" TYPE="int" LENGTH="2" NOTNULL="true" DEFAULT="0" SEQUENCE="false" COMMENT=""/>
                <FIELD NAME="restriction_traslate" TYPE="int" LENGTH="2" NOTNULL="true" DEFAULT="0" SEQUENCE="false" COMMENT=""/>
                <FIELD NAME="restriction_detectalt" TYPE="int" LENGTH="2" NOTNULL="true" DEFAULT="0" SEQUENCE="false" COMMENT=""/>
                <FIELD NAME="restriction_selecttext" TYPE="int" LENGTH="2" NOTNULL="true" DEFAULT="0" SEQUENCE="false" COMMENT=""/>
                <FIELD NAME="restriction_resize" TYPE="int" LENGTH="2" NOTNULL="true" DEFAULT="0" SEQUENCE="false" COMMENT=""/>
                <FIELD NAME="restriction_download" TYPE="int" LENGTH="2" NOTNULL="true" DEFAULT="0" SEQUENCE="false" COMMENT=""/>
                <FIELD NAME="restriction_onlinerecognition" TYPE="int" LENGTH="2" NOTNULL="true" DEFAULT="0" SEQUENCE="false" COMMENT=""/>  
                <FIELD NAME="single_monitor" TYPE="int" LENGTH="2" NOTNULL="true" DEFAULT="0" SEQUENCE="false" COMMENT=""/>  
                <FIELD NAME="window_change" TYPE="int" LENGTH="2" NOTNULL="true" DEFAULT="0" SEQUENCE="false" COMMENT=""/>    
                <FIELD NAME="deterrent_mode" TYPE="int" LENGTH="2" NOTNULL="true" DEFAULT="0" SEQUENCE="false" COMMENT=""/>    
                <FIELD NAME="focus_exam" TYPE="int" LENGTH="2" NOTNULL="true" DEFAULT="0" SEQUENCE="false" COMMENT=""/>    
            </FIELDS>
            <KEYS>
                <KEY NAME="primary" TYPE="primary" FIELDS="id"/>
                <KEY NAME="quizid" TYPE="foreign-unique" FIELDS="quizid" REFTABLE="quiz" REFFIELDS="id"/>
            </KEYS>
        </TABLE>
        <TABLE NAME="monitoring_integration" COMMENT="plugin prueba general settings">
              <FIELDS>
                  <FIELD NAME="id" TYPE="int" LENGTH="10" NOTNULL="true" SEQUENCE="true"/>
                  <FIELD NAME="plugin_dora_key" TYPE="char" LENGTH="200" NOTNULL="true" SEQUENCE="false"  COMMENT="dora clave"/>
                  <FIELD NAME="plugin_dora_status" TYPE="int" LENGTH="2" DEFAULT="0" NOTNULL="true" SEQUENCE="false" COMMENT="dora estatus de integración"/>
              </FIELDS>
              <KEYS>
                  <KEY NAME="primary" TYPE="primary" FIELDS="id"/>
              </KEYS>
              <INDEXES>
                  <INDEX NAME="integrationkey" UNIQUE="true" FIELDS="plugin_dora_key"/>
              </INDEXES>
        </TABLE>
    </TABLES>
</XMLDB>
